{
	"credit": "Made by CiscuLog with Blockbench",
	"textures": {
		"particle": "item/sword/base/iron_sword",
		"base": "item/sword/base/iron_sword",
		"mending": "item/sword/mending",
		"stick": "item/sword/unbreaking",
		"guard": "item/sword/knockback",
		"blade": "item/sword/sharpness/iron_sword",
		"looting": "item/sword/looting",
		"fire": "item/sword/fire1"
	},
	"elements": [
		{
			"name": "fire",
			"from": [0, 0, 7.95],
			"to": [32, 32, 8.05],
			"faces": {
				"north": {"uv": [16, 0, 0, 16], "texture": "#fire"},
				"south": {"uv": [0, 0, 16, 16], "texture": "#fire"}
			}
		},
		{
			"name": "base",
			"from": [0, 0, 7.5],
			"to": [2, 3, 8.5],
			"faces": {
				"north": {"uv": [2, 13, 0, 16], "texture": "#base"},
				"east": {"uv": [1, 13, 2, 16], "texture": "#base"},
				"south": {"uv": [0, 13, 2, 16], "texture": "#base"},
				"west": {"uv": [0, 13, 1, 16], "texture": "#base"},
				"up": {"uv": [0, 13, 2, 14], "texture": "#base"},
				"down": {"uv": [0, 15, 2, 16], "texture": "#base"}
			}
		},
		{
			"name": "base",
			"from": [2, 0, 7.5],
			"to": [3, 2, 8.5],
			"faces": {
				"north": {"uv": [3, 14, 2, 16], "texture": "#base"},
				"east": {"uv": [2, 14, 3, 16], "texture": "#base"},
				"south": {"uv": [2, 14, 3, 16], "texture": "#base"},
				"west": {"uv": [2, 14, 3, 16], "texture": "#base"},
				"up": {"uv": [2, 14, 3, 15], "texture": "#base"},
				"down": {"uv": [2, 15, 3, 16], "texture": "#base"}
			}
		},
		{
			"name": "mending",
			"from": [-0.05, -0.05, 7.45],
			"to": [3.05, 3.05, 8.55],
			"faces": {
				"north": {"uv": [3, 13, 0, 16], "texture": "#mending"},
				"east": {"uv": [2, 13, 3, 16], "texture": "#mending"},
				"south": {"uv": [0, 13, 3, 16], "texture": "#mending"},
				"west": {"uv": [0, 13, 1, 16], "texture": "#mending"},
				"up": {"uv": [0, 13, 3, 14], "texture": "#mending"},
				"down": {"uv": [0, 15, 3, 16], "texture": "#mending"}
			}
		},
		{
			"name": "stick",
			"from": [2, 2, 7.5],
			"to": [4, 4, 8.5],
			"faces": {
				"north": {"uv": [4, 12, 2, 14], "texture": "#stick"},
				"east": {"uv": [3, 12, 4, 14], "texture": "#stick"},
				"south": {"uv": [2, 12, 4, 14], "texture": "#stick"},
				"west": {"uv": [2, 12, 3, 14], "texture": "#stick"},
				"up": {"uv": [2, 12, 4, 13], "texture": "#stick"},
				"down": {"uv": [2, 13, 4, 14], "texture": "#stick"}
			}
		},
		{
			"name": "stick",
			"from": [3, 4, 7.5],
			"to": [5, 5, 8.5],
			"faces": {
				"north": {"uv": [5, 11, 3, 12], "texture": "#stick"},
				"east": {"uv": [4, 11, 5, 12], "texture": "#stick"},
				"south": {"uv": [3, 11, 5, 12], "texture": "#stick"},
				"west": {"uv": [3, 11, 4, 12], "texture": "#stick"},
				"up": {"uv": [3, 11, 5, 12], "texture": "#stick"},
				"down": {"uv": [3, 11, 5, 12], "texture": "#stick"}
			}
		},
		{
			"name": "stick",
			"from": [4, 3, 7.5],
			"to": [5, 4, 8.5],
			"faces": {
				"north": {"uv": [4, 12, 5, 13], "texture": "#stick"},
				"east": {"uv": [4, 12, 5, 13], "texture": "#stick"},
				"south": {"uv": [4, 12, 5, 13], "texture": "#stick"},
				"west": {"uv": [4, 12, 5, 13], "texture": "#stick"},
				"up": {"uv": [4, 12, 5, 13], "texture": "#stick"},
				"down": {"uv": [4, 12, 5, 13], "texture": "#stick"}
			}
		},
		{
			"name": "guard",
			"from": [4, 5, 7.5],
			"to": [5, 8, 8.5],
			"faces": {
				"north": {"uv": [5, 8, 4, 11], "texture": "#guard"},
				"east": {"uv": [4, 8, 5, 11], "texture": "#guard"},
				"south": {"uv": [4, 8, 5, 11], "texture": "#guard"},
				"west": {"uv": [4, 8, 5, 11], "texture": "#guard"},
				"up": {"uv": [4, 8, 5, 9], "texture": "#guard"},
				"down": {"uv": [4, 10, 5, 11], "texture": "#guard"}
			}
		},
		{
			"name": "guard",
			"from": [5, 4, 7.5],
			"to": [6, 7, 8.5],
			"faces": {
				"north": {"uv": [6, 9, 5, 12], "texture": "#guard"},
				"east": {"uv": [5, 9, 6, 12], "texture": "#guard"},
				"south": {"uv": [5, 9, 6, 12], "texture": "#guard"},
				"west": {"uv": [5, 9, 6, 12], "texture": "#guard"},
				"up": {"uv": [5, 9, 6, 10], "texture": "#guard"},
				"down": {"uv": [5, 11, 6, 12], "texture": "#guard"}
			}
		},
		{
			"name": "guard",
			"from": [6, 4, 7.5],
			"to": [7, 6, 8.5],
			"faces": {
				"north": {"uv": [7, 10, 6, 12], "texture": "#guard"},
				"east": {"uv": [6, 10, 7, 12], "texture": "#guard"},
				"south": {"uv": [6, 10, 7, 12], "texture": "#guard"},
				"west": {"uv": [6, 10, 7, 12], "texture": "#guard"},
				"up": {"uv": [6, 10, 7, 11], "texture": "#guard"},
				"down": {"uv": [6, 11, 7, 12], "texture": "#guard"}
			}
		},
		{
			"name": "guard",
			"from": [7, 4, 7.5],
			"to": [8, 5, 8.5],
			"faces": {
				"north": {"uv": [7, 11, 8, 12], "texture": "#guard"},
				"east": {"uv": [7, 11, 8, 12], "texture": "#guard"},
				"south": {"uv": [7, 11, 8, 12], "texture": "#guard"},
				"west": {"uv": [7, 11, 8, 12], "texture": "#guard"},
				"up": {"uv": [7, 11, 8, 12], "texture": "#guard"},
				"down": {"uv": [7, 11, 8, 12], "texture": "#guard"}
			}
		},
		{
			"name": "guard",
			"from": [8, 4, 7.5],
			"to": [9, 5, 8.5],
			"faces": {
				"north": {"uv": [8, 11, 9, 12], "texture": "#guard"},
				"east": {"uv": [8, 11, 9, 12], "texture": "#guard"},
				"south": {"uv": [8, 11, 9, 12], "texture": "#guard"},
				"west": {"uv": [8, 11, 9, 12], "texture": "#guard"},
				"up": {"uv": [8, 11, 9, 12], "texture": "#guard"},
				"down": {"uv": [8, 11, 9, 12], "texture": "#guard"}
			}
		},
		{
			"name": "guard",
			"from": [4, 8, 7.5],
			"to": [5, 9, 8.5],
			"faces": {
				"north": {"uv": [4, 7, 5, 8], "texture": "#guard"},
				"east": {"uv": [4, 7, 5, 8], "texture": "#guard"},
				"south": {"uv": [4, 7, 5, 8], "texture": "#guard"},
				"west": {"uv": [4, 7, 5, 8], "texture": "#guard"},
				"up": {"uv": [4, 7, 5, 8], "texture": "#guard"},
				"down": {"uv": [4, 7, 5, 8], "texture": "#guard"}
			}
		},
		{
			"name": "guard",
			"from": [3, 6, 7.5],
			"to": [4, 8, 8.5],
			"faces": {
				"north": {"uv": [4, 8, 3, 10], "texture": "#guard"},
				"east": {"uv": [3, 8, 4, 10], "texture": "#guard"},
				"south": {"uv": [3, 8, 4, 10], "texture": "#guard"},
				"west": {"uv": [3, 8, 4, 10], "texture": "#guard"},
				"up": {"uv": [3, 8, 4, 9], "texture": "#guard"},
				"down": {"uv": [3, 9, 4, 10], "texture": "#guard"}
			}
		},
		{
			"name": "guard",
			"from": [6, 3, 7.5],
			"to": [8, 4, 8.5],
			"faces": {
				"north": {"uv": [8, 12, 6, 13], "texture": "#guard"},
				"east": {"uv": [7, 12, 8, 13], "texture": "#guard"},
				"south": {"uv": [6, 12, 8, 13], "texture": "#guard"},
				"west": {"uv": [6, 12, 7, 13], "texture": "#guard"},
				"up": {"uv": [6, 12, 8, 13], "texture": "#guard"},
				"down": {"uv": [6, 12, 8, 13], "texture": "#guard"}
			}
		},
		{
			"name": "guard",
			"from": [2, 8, 7.5],
			"to": [4, 10, 8.5],
			"faces": {
				"north": {"uv": [4, 6, 2, 8], "texture": "#guard"},
				"east": {"uv": [3, 6, 4, 8], "texture": "#guard"},
				"south": {"uv": [2, 6, 4, 8], "texture": "#guard"},
				"west": {"uv": [2, 6, 3, 8], "texture": "#guard"},
				"up": {"uv": [2, 6, 4, 7], "texture": "#guard"},
				"down": {"uv": [2, 7, 4, 8], "texture": "#guard"}
			}
		},
		{
			"name": "guard",
			"from": [8, 2, 7.5],
			"to": [10, 4, 8.5],
			"faces": {
				"north": {"uv": [10, 12, 8, 14], "texture": "#guard"},
				"east": {"uv": [9, 12, 10, 14], "texture": "#guard"},
				"south": {"uv": [8, 12, 10, 14], "texture": "#guard"},
				"west": {"uv": [8, 12, 9, 14], "texture": "#guard"},
				"up": {"uv": [8, 12, 10, 13], "texture": "#guard"},
				"down": {"uv": [8, 13, 10, 14], "texture": "#guard"}
			}
		},
		{
			"name": "blade",
			"from": [5, 7, 7.5],
			"to": [6, 16, 8.5],
			"faces": {
				"north": {"uv": [6, 0, 5, 9], "texture": "#blade"},
				"east": {"uv": [5, 0, 6, 9], "texture": "#blade"},
				"south": {"uv": [5, 0, 6, 9], "texture": "#blade"},
				"west": {"uv": [5, 0, 6, 9], "texture": "#blade"}
			}
		},
		{
			"name": "blade",
			"from": [6, 6, 7.5],
			"to": [7, 16, 8.5],
			"faces": {
				"north": {"uv": [7, 0, 6, 10], "texture": "#blade"},
				"east": {"uv": [6, 0, 7, 10], "texture": "#blade"},
				"south": {"uv": [6, 0, 7, 10], "texture": "#blade"},
				"west": {"uv": [6, 0, 7, 10], "texture": "#blade"}
			}
		},
		{
			"name": "blade",
			"from": [7, 5, 7.5],
			"to": [8, 16, 8.5],
			"faces": {
				"north": {"uv": [8, 0, 7, 11], "texture": "#blade"},
				"east": {"uv": [7, 0, 8, 11], "texture": "#blade"},
				"south": {"uv": [7, 0, 8, 11], "texture": "#blade"},
				"west": {"uv": [7, 0, 8, 11], "texture": "#blade"}
			}
		},
		{
			"name": "blade",
			"from": [8, 5, 7.5],
			"to": [9, 16, 8.5],
			"faces": {
				"north": {"uv": [9, 0, 8, 11], "texture": "#blade"},
				"east": {"uv": [8, 0, 9, 11], "texture": "#blade"},
				"south": {"uv": [8, 0, 9, 11], "texture": "#blade"},
				"west": {"uv": [8, 0, 9, 11], "texture": "#blade"}
			}
		},
		{
			"name": "blade",
			"from": [9, 5, 7.5],
			"to": [10, 16, 8.5],
			"faces": {
				"north": {"uv": [10, 0, 9, 11], "texture": "#blade"},
				"east": {"uv": [9, 0, 10, 11], "texture": "#blade"},
				"south": {"uv": [9, 0, 10, 11], "texture": "#blade"},
				"west": {"uv": [9, 0, 10, 11], "texture": "#blade"}
			}
		},
		{
			"name": "blade",
			"from": [10, 5, 7.5],
			"to": [11, 16, 8.5],
			"faces": {
				"north": {"uv": [11, 0, 10, 11], "texture": "#blade"},
				"east": {"uv": [10, 0, 11, 11], "texture": "#blade"},
				"south": {"uv": [10, 0, 11, 11], "texture": "#blade"},
				"west": {"uv": [10, 0, 11, 11], "texture": "#blade"}
			}
		},
		{
			"name": "blade",
			"from": [11, 5, 7.5],
			"to": [12, 16, 8.5],
			"faces": {
				"north": {"uv": [12, 0, 11, 11], "texture": "#blade"},
				"east": {"uv": [11, 0, 12, 11], "texture": "#blade"},
				"south": {"uv": [11, 0, 12, 11], "texture": "#blade"},
				"west": {"uv": [11, 0, 12, 11], "texture": "#blade"}
			}
		},
		{
			"name": "blade",
			"from": [12, 5, 7.5],
			"to": [13, 16, 8.5],
			"faces": {
				"north": {"uv": [13, 0, 12, 11], "texture": "#blade"},
				"east": {"uv": [12, 0, 13, 11], "texture": "#blade"},
				"south": {"uv": [12, 0, 13, 11], "texture": "#blade"},
				"west": {"uv": [12, 0, 13, 11], "texture": "#blade"}
			}
		},
		{
			"name": "blade",
			"from": [13, 5, 7.5],
			"to": [14, 16, 8.5],
			"faces": {
				"north": {"uv": [14, 0, 13, 11], "texture": "#blade"},
				"east": {"uv": [13, 0, 14, 11], "texture": "#blade"},
				"south": {"uv": [13, 0, 14, 11], "texture": "#blade"},
				"west": {"uv": [13, 0, 14, 11], "texture": "#blade"}
			}
		},
		{
			"name": "blade",
			"from": [14, 5, 7.5],
			"to": [15, 16, 8.5],
			"faces": {
				"north": {"uv": [15, 0, 14, 11], "texture": "#blade"},
				"east": {"uv": [14, 0, 15, 11], "texture": "#blade"},
				"south": {"uv": [14, 0, 15, 11], "texture": "#blade"},
				"west": {"uv": [14, 0, 15, 11], "texture": "#blade"}
			}
		},
		{
			"name": "blade",
			"from": [15, 5, 7.5],
			"to": [16, 16, 8.5],
			"faces": {
				"north": {"uv": [16, 0, 15, 11], "texture": "#blade"},
				"east": {"uv": [15, 0, 16, 11], "texture": "#blade"},
				"south": {"uv": [15, 0, 16, 11], "texture": "#blade"},
				"west": {"uv": [15, 0, 16, 11], "texture": "#blade"}
			}
		},
		{
			"name": "blade",
			"from": [7, 5, 7.5],
			"to": [16, 6, 8.5],
			"faces": {
				"up": {"uv": [7, 10, 16, 11], "texture": "#blade"},
				"down": {"uv": [7, 10, 16, 11], "texture": "#blade"}
			}
		},
		{
			"name": "blade",
			"from": [6, 6, 7.5],
			"to": [16, 7, 8.5],
			"faces": {
				"up": {"uv": [6, 9, 16, 10], "texture": "#blade"},
				"down": {"uv": [6, 9, 16, 10], "texture": "#blade"}
			}
		},
		{
			"name": "blade",
			"from": [5, 7, 7.5],
			"to": [16, 8, 8.5],
			"faces": {
				"up": {"uv": [5, 8, 16, 9], "texture": "#blade"},
				"down": {"uv": [5, 8, 16, 9], "texture": "#blade"}
			}
		},
		{
			"name": "blade",
			"from": [5, 8, 7.5],
			"to": [16, 9, 8.5],
			"faces": {
				"up": {"uv": [5, 7, 16, 8], "texture": "#blade"},
				"down": {"uv": [5, 7, 16, 8], "texture": "#blade"}
			}
		},
		{
			"name": "blade",
			"from": [5, 9, 7.5],
			"to": [16, 10, 8.5],
			"faces": {
				"up": {"uv": [5, 6, 16, 7], "texture": "#blade"},
				"down": {"uv": [5, 6, 16, 7], "texture": "#blade"}
			}
		},
		{
			"name": "blade",
			"from": [5, 10, 7.5],
			"to": [16, 11, 8.5],
			"faces": {
				"up": {"uv": [5, 5, 16, 6], "texture": "#blade"},
				"down": {"uv": [5, 5, 16, 6], "texture": "#blade"}
			}
		},
		{
			"name": "blade",
			"from": [5, 11, 7.5],
			"to": [16, 12, 8.5],
			"faces": {
				"up": {"uv": [5, 4, 16, 5], "texture": "#blade"},
				"down": {"uv": [5, 4, 16, 5], "texture": "#blade"}
			}
		},
		{
			"name": "blade",
			"from": [5, 12, 7.5],
			"to": [16, 13, 8.5],
			"faces": {
				"up": {"uv": [5, 3, 16, 4], "texture": "#blade"},
				"down": {"uv": [5, 3, 16, 4], "texture": "#blade"}
			}
		},
		{
			"name": "blade",
			"from": [5, 13, 7.5],
			"to": [16, 14, 8.5],
			"faces": {
				"up": {"uv": [5, 2, 16, 3], "texture": "#blade"},
				"down": {"uv": [5, 2, 16, 3], "texture": "#blade"}
			}
		},
		{
			"name": "blade",
			"from": [5, 14, 7.5],
			"to": [16, 15, 8.5],
			"faces": {
				"up": {"uv": [5, 1, 16, 2], "texture": "#blade"},
				"down": {"uv": [5, 1, 16, 2], "texture": "#blade"}
			}
		},
		{
			"name": "blade",
			"from": [5, 15, 7.5],
			"to": [16, 16, 8.5],
			"faces": {
				"up": {"uv": [5, 0, 16, 1], "texture": "#blade"},
				"down": {"uv": [5, 0, 16, 1], "texture": "#blade"}
			}
		},
		{
			"name": "looting",
			"from": [2.95, 4, 7.45],
			"to": [6, 6, 8.55],
			"faces": {
				"north": {"uv": [7, 9, 4, 11], "texture": "#looting"},
				"east": {"uv": [6, 9, 7, 11], "texture": "#looting"},
				"south": {"uv": [4, 9, 7, 11], "texture": "#looting"},
				"west": {"uv": [4, 9, 5, 11], "texture": "#looting"},
				"up": {"uv": [4, 9, 7, 10], "texture": "#looting"},
				"down": {"uv": [4, 10, 7, 11], "texture": "#looting"}
			}
		},
		{
			"name": "looting",
			"from": [3.975, 6, 7.45],
			"to": [6, 8.05, 8.55],
			"faces": {
				"north": {"uv": [7, 7, 5, 9], "texture": "#looting"},
				"east": {"uv": [6, 7, 7, 9], "texture": "#looting"},
				"south": {"uv": [5, 7, 7, 9], "texture": "#looting"},
				"west": {"uv": [5, 7, 6, 9], "texture": "#looting"},
				"up": {"uv": [5, 7, 7, 8], "texture": "#looting"},
				"down": {"uv": [5, 8, 7, 9], "texture": "#looting"}
			}
		},
		{
			"name": "looting",
			"from": [6, 5, 7.45],
			"to": [8.05, 7.02, 8.55],
			"faces": {
				"north": {"uv": [9, 8, 7, 10], "texture": "#looting"},
				"east": {"uv": [8, 8, 9, 10], "texture": "#looting"},
				"south": {"uv": [7, 8, 9, 10], "texture": "#looting"},
				"west": {"uv": [7, 8, 8, 10], "texture": "#looting"},
				"up": {"uv": [7, 8, 9, 9], "texture": "#looting"},
				"down": {"uv": [7, 9, 9, 10], "texture": "#looting"}
			}
		},
		{
			"name": "looting",
			"from": [4.981, 3, 7.45],
			"to": [7.026, 5, 8.55],
			"faces": {
				"north": {"uv": [8, 10, 6, 12], "texture": "#looting"},
				"east": {"uv": [7, 10, 8, 12], "texture": "#looting"},
				"south": {"uv": [6, 10, 8, 12], "texture": "#looting"},
				"west": {"uv": [6, 10, 7, 12], "texture": "#looting"},
				"up": {"uv": [6, 10, 8, 11], "texture": "#looting"},
				"down": {"uv": [6, 11, 8, 12], "texture": "#looting"}
			}
		}
	],
	"gui_light": "front",
	"display": {
		"thirdperson_righthand": {
			"rotation": [0, -90, 55],
			"translation": [0, 4, 0.5],
			"scale": [0.85, 0.85, 0.85]
		},
		"thirdperson_lefthand": {
			"rotation": [0, 90, -55],
			"translation": [0, 4, 0.5],
			"scale": [0.85, 0.85, 0.85]
		},
		"firstperson_righthand": {
			"rotation": [0, -90, 25],
			"translation": [1.13, 3.2, 1.13],
			"scale": [0.68, 0.68, 0.68]
		},
		"firstperson_lefthand": {
			"rotation": [0, 90, -25],
			"translation": [1.13, 3.2, 1.13],
			"scale": [0.68, 0.68, 0.68]
		},
		"ground": {
			"translation": [0, 2, 0],
			"scale": [0.5, 0.5, 0.5]
		},
		"head": {
			"rotation": [0, 180, 0],
			"translation": [0, 13, 7]
		},
		"fixed": {
			"rotation": [0, 180, 0]
		}
	}
}