{
	"credit": "Made by CiscuLog with Blockbench",
	"textures": {
		"particle": "item/brush/brush",
		"base": "item/brush/brush",
		"handle": "item/brush/unbreaking",
		"copper": "item/brush/mending"
	},
	"elements": [
		{
			"from": [1, 2, 7.5],
			"to": [5, 3, 8.5],
			"faces": {
				"north": {"uv": [5, 13, 1, 14], "texture": "#handle"},
				"east": {"uv": [4, 13, 5, 14], "texture": "#handle"},
				"south": {"uv": [1, 13, 5, 14], "texture": "#handle"},
				"west": {"uv": [1, 13, 2, 14], "texture": "#handle"},
				"up": {"uv": [1, 13, 5, 14], "texture": "#handle"},
				"down": {"uv": [1, 13, 5, 14], "texture": "#handle"}
			}
		},
		{
			"from": [2, 3, 7.5],
			"to": [6, 4, 8.5],
			"faces": {
				"north": {"uv": [6, 12, 2, 13], "texture": "#handle"},
				"east": {"uv": [5, 12, 6, 13], "texture": "#handle"},
				"south": {"uv": [2, 12, 6, 13], "texture": "#handle"},
				"west": {"uv": [2, 12, 3, 13], "texture": "#handle"},
				"up": {"uv": [2, 12, 6, 13], "texture": "#handle"},
				"down": {"uv": [2, 12, 6, 13], "texture": "#handle"}
			}
		},
		{
			"from": [2, 4, 7.5],
			"to": [6, 5, 8.5],
			"faces": {
				"north": {"uv": [6, 11, 2, 12], "texture": "#handle"},
				"east": {"uv": [5, 11, 6, 12], "texture": "#handle"},
				"south": {"uv": [2, 11, 6, 12], "texture": "#handle"},
				"west": {"uv": [2, 11, 3, 12], "texture": "#handle"},
				"up": {"uv": [2, 11, 6, 12], "texture": "#handle"},
				"down": {"uv": [2, 11, 6, 12], "texture": "#handle"}
			}
		},
		{
			"from": [2, 1, 7.5],
			"to": [4, 2, 8.5],
			"faces": {
				"north": {"uv": [4, 14, 2, 15], "texture": "#handle"},
				"east": {"uv": [3, 14, 4, 15], "texture": "#handle"},
				"south": {"uv": [2, 14, 4, 15], "texture": "#handle"},
				"west": {"uv": [2, 14, 3, 15], "texture": "#handle"},
				"up": {"uv": [2, 14, 4, 15], "texture": "#handle"},
				"down": {"uv": [2, 14, 4, 15], "texture": "#handle"}
			}
		},
		{
			"from": [1, 3, 7.5],
			"to": [2, 4, 8.5],
			"faces": {
				"north": {"uv": [1, 12, 2, 13], "texture": "#handle"},
				"east": {"uv": [1, 12, 2, 13], "texture": "#handle"},
				"south": {"uv": [1, 12, 2, 13], "texture": "#handle"},
				"west": {"uv": [1, 12, 2, 13], "texture": "#handle"},
				"up": {"uv": [1, 12, 2, 13], "texture": "#handle"},
				"down": {"uv": [1, 12, 2, 13], "texture": "#handle"}
			}
		},
		{
			"from": [3, 5, 7.5],
			"to": [5, 6, 8.5],
			"faces": {
				"north": {"uv": [5, 10, 3, 11], "texture": "#handle"},
				"east": {"uv": [4, 10, 5, 11], "texture": "#handle"},
				"south": {"uv": [3, 10, 5, 11], "texture": "#handle"},
				"west": {"uv": [3, 10, 4, 11], "texture": "#handle"},
				"up": {"uv": [3, 10, 5, 11], "texture": "#handle"},
				"down": {"uv": [3, 10, 5, 11], "texture": "#handle"}
			}
		},
		{
			"from": [5, 7, 7.5],
			"to": [7, 8, 8.5],
			"faces": {
				"north": {"uv": [7, 8, 5, 9], "texture": "#copper"},
				"east": {"uv": [6, 8, 7, 9], "texture": "#copper"},
				"south": {"uv": [5, 8, 7, 9], "texture": "#copper"},
				"west": {"uv": [5, 8, 6, 9], "texture": "#copper"},
				"up": {"uv": [5, 8, 7, 9], "texture": "#copper"},
				"down": {"uv": [5, 8, 7, 9], "texture": "#copper"}
			}
		},
		{
			"from": [4, 6, 7.5],
			"to": [8, 7, 8.5],
			"faces": {
				"north": {"uv": [8, 9, 4, 10], "texture": "#copper"},
				"east": {"uv": [7, 9, 8, 10], "texture": "#copper"},
				"south": {"uv": [4, 9, 8, 10], "texture": "#copper"},
				"west": {"uv": [4, 9, 5, 10], "texture": "#copper"},
				"up": {"uv": [4, 9, 8, 10], "texture": "#copper"},
				"down": {"uv": [4, 9, 8, 10], "texture": "#copper"}
			}
		},
		{
			"from": [5, 5, 7.5],
			"to": [8, 6, 8.5],
			"faces": {
				"north": {"uv": [8, 10, 5, 11], "texture": "#copper"},
				"east": {"uv": [7, 10, 8, 11], "texture": "#copper"},
				"south": {"uv": [5, 10, 8, 11], "texture": "#copper"},
				"west": {"uv": [5, 10, 6, 11], "texture": "#copper"},
				"up": {"uv": [5, 10, 8, 11], "texture": "#copper"},
				"down": {"uv": [5, 10, 8, 11], "texture": "#copper"}
			}
		},
		{
			"from": [6, 4, 7.5],
			"to": [7, 5, 8.5],
			"faces": {
				"north": {"uv": [6, 11, 7, 12], "texture": "#copper"},
				"east": {"uv": [6, 11, 7, 12], "texture": "#copper"},
				"south": {"uv": [6, 11, 7, 12], "texture": "#copper"},
				"west": {"uv": [6, 11, 7, 12], "texture": "#copper"},
				"up": {"uv": [6, 11, 7, 12], "texture": "#copper"},
				"down": {"uv": [6, 11, 7, 12], "texture": "#copper"}
			}
		},
		{
			"from": [7, 7, 7.5],
			"to": [13, 13, 8.5],
			"faces": {
				"north": {"uv": [13, 3, 7, 9], "texture": "#base"},
				"east": {"uv": [12, 3, 13, 9], "texture": "#base"},
				"south": {"uv": [7, 3, 13, 9], "texture": "#base"},
				"west": {"uv": [7, 3, 8, 9], "texture": "#base"},
				"up": {"uv": [7, 3, 13, 4], "texture": "#base"},
				"down": {"uv": [7, 8, 13, 9], "texture": "#base"}
			}
		},
		{
			"from": [6, 8, 7.5],
			"to": [7, 12, 8.5],
			"faces": {
				"north": {"uv": [7, 4, 6, 8], "texture": "#base"},
				"east": {"uv": [6, 4, 7, 8], "texture": "#base"},
				"south": {"uv": [6, 4, 7, 8], "texture": "#base"},
				"west": {"uv": [6, 4, 7, 8], "texture": "#base"},
				"up": {"uv": [6, 4, 7, 5], "texture": "#base"},
				"down": {"uv": [6, 7, 7, 8], "texture": "#base"}
			}
		},
		{
			"from": [5, 8, 7.5],
			"to": [6, 9, 8.5],
			"faces": {
				"north": {"uv": [5, 7, 6, 8], "texture": "#base"},
				"east": {"uv": [5, 7, 6, 8], "texture": "#base"},
				"south": {"uv": [5, 7, 6, 8], "texture": "#base"},
				"west": {"uv": [5, 7, 6, 8], "texture": "#base"},
				"up": {"uv": [5, 7, 6, 8], "texture": "#base"},
				"down": {"uv": [5, 7, 6, 8], "texture": "#base"}
			}
		},
		{
			"from": [8, 5, 7.5],
			"to": [9, 6, 8.5],
			"faces": {
				"north": {"uv": [8, 10, 9, 11], "texture": "#base"},
				"east": {"uv": [8, 10, 9, 11], "texture": "#base"},
				"south": {"uv": [8, 10, 9, 11], "texture": "#base"},
				"west": {"uv": [8, 10, 9, 11], "texture": "#base"},
				"up": {"uv": [8, 10, 9, 11], "texture": "#base"},
				"down": {"uv": [8, 10, 9, 11], "texture": "#base"}
			}
		},
		{
			"from": [8, 6, 7.5],
			"to": [11, 7, 8.5],
			"faces": {
				"north": {"uv": [11, 9, 8, 10], "texture": "#base"},
				"east": {"uv": [10, 9, 11, 10], "texture": "#base"},
				"south": {"uv": [8, 9, 11, 10], "texture": "#base"},
				"west": {"uv": [8, 9, 9, 10], "texture": "#base"},
				"up": {"uv": [8, 9, 11, 10], "texture": "#base"},
				"down": {"uv": [8, 9, 11, 10], "texture": "#base"}
			}
		},
		{
			"from": [8, 13, 7.5],
			"to": [10, 14, 8.5],
			"faces": {
				"north": {"uv": [10, 2, 8, 3], "texture": "#base"},
				"east": {"uv": [9, 2, 10, 3], "texture": "#base"},
				"south": {"uv": [8, 2, 10, 3], "texture": "#base"},
				"west": {"uv": [8, 2, 9, 3], "texture": "#base"},
				"up": {"uv": [8, 2, 10, 3], "texture": "#base"},
				"down": {"uv": [8, 2, 10, 3], "texture": "#base"}
			}
		},
		{
			"from": [7, 14, 7.5],
			"to": [9, 15, 8.5],
			"faces": {
				"north": {"uv": [9, 1, 7, 2], "texture": "#base"},
				"east": {"uv": [8, 1, 9, 2], "texture": "#base"},
				"south": {"uv": [7, 1, 9, 2], "texture": "#base"},
				"west": {"uv": [7, 1, 8, 2], "texture": "#base"},
				"up": {"uv": [7, 1, 9, 2], "texture": "#base"},
				"down": {"uv": [7, 1, 9, 2], "texture": "#base"}
			}
		},
		{
			"from": [14, 13, 7.5],
			"to": [15, 14, 8.5],
			"faces": {
				"north": {"uv": [14, 2, 15, 3], "texture": "#base"},
				"east": {"uv": [14, 2, 15, 3], "texture": "#base"},
				"south": {"uv": [14, 2, 15, 3], "texture": "#base"},
				"west": {"uv": [14, 2, 15, 3], "texture": "#base"},
				"up": {"uv": [14, 2, 15, 3], "texture": "#base"},
				"down": {"uv": [14, 2, 15, 3], "texture": "#base"}
			}
		},
		{
			"from": [10, 13, 7.5],
			"to": [11, 14, 8.5],
			"faces": {
				"north": {"uv": [10, 3, 11, 4], "texture": "#base"},
				"east": {"uv": [10, 3, 11, 4], "texture": "#base"},
				"south": {"uv": [10, 3, 11, 4], "texture": "#base"},
				"west": {"uv": [10, 3, 11, 4], "texture": "#base"},
				"up": {"uv": [10, 3, 11, 4], "texture": "#base"},
				"down": {"uv": [10, 3, 11, 4], "texture": "#base"}
			}
		},
		{
			"from": [7, 13, 7.5],
			"to": [8, 14, 8.5],
			"faces": {
				"north": {"uv": [7, 2, 8, 3], "texture": "#base"},
				"east": {"uv": [7, 2, 8, 3], "texture": "#base"},
				"south": {"uv": [7, 2, 8, 3], "texture": "#base"},
				"west": {"uv": [7, 2, 8, 3], "texture": "#base"},
				"up": {"uv": [7, 2, 8, 3], "texture": "#base"},
				"down": {"uv": [7, 2, 8, 3], "texture": "#base"}
			}
		},
		{
			"from": [14, 12, 7.5],
			"to": [15, 13, 8.5],
			"faces": {
				"north": {"uv": [14, 3, 15, 4], "texture": "#base"},
				"east": {"uv": [14, 3, 15, 4], "texture": "#base"},
				"south": {"uv": [14, 3, 15, 4], "texture": "#base"},
				"west": {"uv": [14, 3, 15, 4], "texture": "#base"},
				"up": {"uv": [14, 3, 15, 4], "texture": "#base"},
				"down": {"uv": [14, 3, 15, 4], "texture": "#base"}
			}
		},
		{
			"from": [14, 10, 7.5],
			"to": [15, 11, 8.5],
			"faces": {
				"north": {"uv": [14, 5, 15, 6], "texture": "#base"},
				"east": {"uv": [14, 5, 15, 6], "texture": "#base"},
				"south": {"uv": [14, 5, 15, 6], "texture": "#base"},
				"west": {"uv": [14, 5, 15, 6], "texture": "#base"},
				"up": {"uv": [14, 5, 15, 6], "texture": "#base"},
				"down": {"uv": [14, 5, 15, 6], "texture": "#base"}
			}
		},
		{
			"from": [14, 9, 7.5],
			"to": [15, 10, 8.5],
			"faces": {
				"north": {"uv": [14, 6, 15, 7], "texture": "#base"},
				"east": {"uv": [14, 6, 15, 7], "texture": "#base"},
				"south": {"uv": [14, 6, 15, 7], "texture": "#base"},
				"west": {"uv": [14, 6, 15, 7], "texture": "#base"},
				"up": {"uv": [14, 6, 15, 7], "texture": "#base"},
				"down": {"uv": [14, 6, 15, 7], "texture": "#base"}
			}
		},
		{
			"from": [14, 8, 7.5],
			"to": [15, 9, 8.5],
			"faces": {
				"north": {"uv": [14, 7, 15, 8], "texture": "#base"},
				"east": {"uv": [14, 7, 15, 8], "texture": "#base"},
				"south": {"uv": [14, 7, 15, 8], "texture": "#base"},
				"west": {"uv": [14, 7, 15, 8], "texture": "#base"},
				"up": {"uv": [14, 7, 15, 8], "texture": "#base"},
				"down": {"uv": [14, 7, 15, 8], "texture": "#base"}
			}
		},
		{
			"from": [11, 13, 7.5],
			"to": [14, 14, 8.5],
			"faces": {
				"north": {"uv": [14, 2, 11, 3], "texture": "#base"},
				"east": {"uv": [13, 2, 14, 3], "texture": "#base"},
				"south": {"uv": [11, 2, 14, 3], "texture": "#base"},
				"west": {"uv": [11, 2, 12, 3], "texture": "#base"},
				"up": {"uv": [11, 2, 14, 3], "texture": "#base"},
				"down": {"uv": [11, 2, 14, 3], "texture": "#base"}
			}
		},
		{
			"from": [9, 14, 7.5],
			"to": [12, 15, 8.5],
			"faces": {
				"north": {"uv": [12, 1, 9, 2], "texture": "#base"},
				"east": {"uv": [11, 1, 12, 2], "texture": "#base"},
				"south": {"uv": [9, 1, 12, 2], "texture": "#base"},
				"west": {"uv": [9, 1, 10, 2], "texture": "#base"},
				"up": {"uv": [9, 1, 12, 2], "texture": "#base"},
				"down": {"uv": [9, 1, 12, 2], "texture": "#base"}
			}
		},
		{
			"from": [13, 8, 7.5],
			"to": [14, 13, 8.5],
			"faces": {
				"north": {"uv": [13, 3, 14, 8], "texture": "#base"},
				"east": {"uv": [14, 3, 13, 8], "texture": "#base"},
				"south": {"uv": [14, 3, 13, 8], "texture": "#base"},
				"west": {"uv": [14, 3, 13, 8], "texture": "#base"},
				"up": {"uv": [14, 3, 13, 4], "texture": "#base"},
				"down": {"uv": [14, 7, 13, 8], "texture": "#base"}
			}
		},
		{
			"from": [11, 5, 7.5],
			"to": [13, 7, 8.5],
			"faces": {
				"north": {"uv": [13, 9, 11, 11], "texture": "#base"},
				"east": {"uv": [12, 9, 13, 11], "texture": "#base"},
				"south": {"uv": [11, 9, 13, 11], "texture": "#base"},
				"west": {"uv": [11, 9, 12, 11], "texture": "#base"},
				"up": {"uv": [11, 9, 13, 10], "texture": "#base"},
				"down": {"uv": [11, 10, 13, 11], "texture": "#base"}
			}
		}
	],
	"gui_light": "front",
    "display": {
        "firstperson_lefthand": {
          "rotation": [ 55, -85, 0 ],
          "translation": [ 8.0, 0.5, -5.5 ],
          "scale": [ 1.0, 1.0, 1.0 ]
        },
        "thirdperson_righthand": {
          "rotation": [ 0, 0, 45 ],
          "translation": [ 0, 4, 0 ],
          "scale": [ 0.9, 0.9, 0.9 ]
        },
        "thirdperson_lefthand": {
          "rotation": [ 0, 0, -45 ],
          "translation": [ 0, 4, 0 ],
          "scale": [ 0.9, 0.9, 0.9 ]
        },
		"firstperson_righthand": {
			"rotation": [0, -90, 25],
			"translation": [1.13, 3.2, 1.13],
			"scale": [0.68, 0.68, 0.68]
		},
		"ground": {
			"translation": [0, 2, 0],
			"scale": [0.5, 0.5, 0.5]
		},
		"head": {
			"rotation": [0, 180, 0],
			"translation": [0, 13, 7]
		},
		"fixed": {
			"rotation": [0, 180, 0]
		}
	}
}