{
	"credit": "Made by CiscuLog with Blockbench",
	"textures": {
		"particle": "item/mace/bane_of_arthropods",
		"base": "item/mace/bane_of_arthropods",
		"fire": "item/mace/fire",
		"mending": "item/mace/mending",
		"handle": "item/mace/unbreaking"
	},
	"elements": [
		{
			"name": "fire",
			"from": [0, 0, 7.95],
			"to": [32, 32, 8.05],
			"faces": {
				"north": {"uv": [16, 0, 0, 16], "texture": "#fire"},
				"south": {"uv": [0, 0, 16, 16], "texture": "#fire"}
			}
		},
		{
			"name": "mending",
			"from": [-0.05, -0.05, 7.45],
			"to": [3.05, 3.05, 8.55],
			"faces": {
				"north": {"uv": [3, 13, 0, 16], "texture": "#mending"},
				"east": {"uv": [2, 13, 3, 16], "texture": "#mending"},
				"south": {"uv": [0, 13, 3, 16], "texture": "#mending"},
				"west": {"uv": [0, 13, 1, 16], "texture": "#mending"},
				"up": {"uv": [0, 13, 3, 14], "texture": "#mending"},
				"down": {"uv": [0, 15, 3, 16], "texture": "#mending"}
			}
		},
		{
			"name": "handle",
			"from": [2, 2, 7.5],
			"to": [4, 4, 8.5],
			"rotation": {"angle": 0, "axis": "y", "origin": [2, 2, 7.5]},
			"faces": {
				"north": {"uv": [4, 12, 2, 14], "texture": "#handle"},
				"east": {"uv": [3, 12, 4, 14], "texture": "#handle"},
				"south": {"uv": [2, 12, 4, 14], "texture": "#handle"},
				"west": {"uv": [2, 12, 3, 14], "texture": "#handle"},
				"up": {"uv": [2, 12, 4, 13], "texture": "#handle"},
				"down": {"uv": [2, 13, 4, 14], "texture": "#handle"}
			}
		},
		{
			"name": "handle",
			"from": [3, 3, 7.5],
			"to": [5, 5, 8.5],
			"rotation": {"angle": 0, "axis": "y", "origin": [3, 3, 7.5]},
			"faces": {
				"north": {"uv": [5, 11, 3, 13], "texture": "#handle"},
				"east": {"uv": [4, 11, 5, 13], "texture": "#handle"},
				"south": {"uv": [3, 11, 5, 13], "texture": "#handle"},
				"west": {"uv": [3, 11, 4, 13], "texture": "#handle"},
				"up": {"uv": [3, 11, 5, 12], "texture": "#handle"},
				"down": {"uv": [3, 12, 5, 13], "texture": "#handle"}
			}
		},
		{
			"name": "handle",
			"from": [4, 4, 7.5],
			"to": [6, 6, 8.5],
			"rotation": {"angle": 0, "axis": "y", "origin": [4, 4, 7.5]},
			"faces": {
				"north": {"uv": [6, 10, 4, 12], "texture": "#handle"},
				"east": {"uv": [5, 10, 6, 12], "texture": "#handle"},
				"south": {"uv": [4, 10, 6, 12], "texture": "#handle"},
				"west": {"uv": [4, 10, 5, 12], "texture": "#handle"},
				"up": {"uv": [4, 10, 6, 11], "texture": "#handle"},
				"down": {"uv": [4, 11, 6, 12], "texture": "#handle"}
			}
		},
		{
			"name": "handle",
			"from": [5, 5, 7.5],
			"to": [7, 7, 8.5],
			"rotation": {"angle": 0, "axis": "y", "origin": [5, 5, 7.5]},
			"faces": {
				"north": {"uv": [7, 9, 5, 11], "texture": "#handle"},
				"east": {"uv": [6, 9, 7, 11], "texture": "#handle"},
				"south": {"uv": [5, 9, 7, 11], "texture": "#handle"},
				"west": {"uv": [5, 9, 6, 11], "texture": "#handle"},
				"up": {"uv": [5, 9, 7, 10], "texture": "#handle"},
				"down": {"uv": [5, 10, 7, 11], "texture": "#handle"}
			}
		},
		{
			"name": "handle",
			"from": [6, 6, 7.5],
			"to": [8, 8, 8.5],
			"rotation": {"angle": 0, "axis": "y", "origin": [6, 6, 7.5]},
			"faces": {
				"north": {"uv": [8, 8, 6, 10], "texture": "#handle"},
				"east": {"uv": [7, 8, 8, 10], "texture": "#handle"},
				"south": {"uv": [6, 8, 8, 10], "texture": "#handle"},
				"west": {"uv": [6, 8, 7, 10], "texture": "#handle"},
				"up": {"uv": [6, 8, 8, 9], "texture": "#handle"},
				"down": {"uv": [6, 9, 8, 10], "texture": "#handle"}
			}
		},
		{
			"from": [4, 15, 7.5],
			"to": [16, 16, 8.5],
			"rotation": {"angle": 0, "axis": "y", "origin": [0, 15, 7.5]},
			"faces": {
				"north": {"uv": [16, 0, 4, 1], "texture": "#base"},
				"south": {"uv": [4, 0, 16, 1], "texture": "#base"},
				"up": {"uv": [4, 0, 16, 1], "texture": "#base"},
				"down": {"uv": [4, 0, 16, 1], "texture": "#base"}
			}
		},
		{
			"from": [4, 14, 7.5],
			"to": [16, 15, 8.5],
			"rotation": {"angle": 0, "axis": "y", "origin": [0, 14, 7.5]},
			"faces": {
				"north": {"uv": [16, 1, 4, 2], "texture": "#base"},
				"south": {"uv": [4, 1, 16, 2], "texture": "#base"},
				"up": {"uv": [4, 1, 16, 2], "texture": "#base"},
				"down": {"uv": [4, 1, 16, 2], "texture": "#base"}
			}
		},
		{
			"from": [4, 13, 7.5],
			"to": [16, 14, 8.5],
			"rotation": {"angle": 0, "axis": "y", "origin": [0, 13, 7.5]},
			"faces": {
				"north": {"uv": [16, 2, 4, 3], "texture": "#base"},
				"south": {"uv": [4, 2, 16, 3], "texture": "#base"},
				"up": {"uv": [4, 2, 16, 3], "texture": "#base"},
				"down": {"uv": [4, 2, 16, 3], "texture": "#base"}
			}
		},
		{
			"from": [4, 12, 7.5],
			"to": [16, 13, 8.5],
			"rotation": {"angle": 0, "axis": "y", "origin": [0, 12, 7.5]},
			"faces": {
				"north": {"uv": [16, 3, 4, 4], "texture": "#base"},
				"south": {"uv": [4, 3, 16, 4], "texture": "#base"},
				"up": {"uv": [4, 3, 16, 4], "texture": "#base"},
				"down": {"uv": [4, 3, 16, 4], "texture": "#base"}
			}
		},
		{
			"from": [4, 11, 7.5],
			"to": [16, 12, 8.5],
			"rotation": {"angle": 0, "axis": "y", "origin": [0, 11, 7.5]},
			"faces": {
				"north": {"uv": [16, 4, 4, 5], "texture": "#base"},
				"south": {"uv": [4, 4, 16, 5], "texture": "#base"},
				"up": {"uv": [4, 4, 16, 5], "texture": "#base"},
				"down": {"uv": [4, 4, 16, 5], "texture": "#base"}
			}
		},
		{
			"from": [4, 10, 7.5],
			"to": [16, 11, 8.5],
			"rotation": {"angle": 0, "axis": "y", "origin": [0, 10, 7.5]},
			"faces": {
				"north": {"uv": [16, 5, 4, 6], "texture": "#base"},
				"south": {"uv": [4, 5, 16, 6], "texture": "#base"},
				"up": {"uv": [4, 5, 16, 6], "texture": "#base"},
				"down": {"uv": [4, 5, 16, 6], "texture": "#base"}
			}
		},
		{
			"from": [4, 9, 7.5],
			"to": [16, 10, 8.5],
			"rotation": {"angle": 0, "axis": "y", "origin": [0, 9, 7.5]},
			"faces": {
				"north": {"uv": [16, 6, 4, 7], "texture": "#base"},
				"south": {"uv": [4, 6, 16, 7], "texture": "#base"},
				"up": {"uv": [4, 6, 16, 7], "texture": "#base"},
				"down": {"uv": [4, 6, 16, 7], "texture": "#base"}
			}
		},
		{
			"from": [4, 8, 7.5],
			"to": [16, 9, 8.5],
			"rotation": {"angle": 0, "axis": "y", "origin": [0, 8, 7.5]},
			"faces": {
				"north": {"uv": [16, 7, 4, 8], "texture": "#base"},
				"south": {"uv": [4, 7, 16, 8], "texture": "#base"},
				"up": {"uv": [4, 7, 16, 8], "texture": "#base"},
				"down": {"uv": [4, 7, 16, 8], "texture": "#base"}
			}
		},
		{
			"from": [8, 7, 7.5],
			"to": [16, 8, 8.5],
			"rotation": {"angle": 0, "axis": "y", "origin": [0, 7, 7.5]},
			"faces": {
				"north": {"uv": [16, 8, 8, 9], "texture": "#base"},
				"south": {"uv": [8, 8, 16, 9], "texture": "#base"},
				"up": {"uv": [8, 8, 16, 9], "texture": "#base"},
				"down": {"uv": [8, 8, 16, 9], "texture": "#base"}
			}
		},
		{
			"from": [8, 6, 7.5],
			"to": [16, 7, 8.5],
			"rotation": {"angle": 0, "axis": "y", "origin": [0, 6, 7.5]},
			"faces": {
				"north": {"uv": [16, 9, 8, 10], "texture": "#base"},
				"south": {"uv": [8, 9, 16, 10], "texture": "#base"},
				"up": {"uv": [8, 9, 16, 10], "texture": "#base"},
				"down": {"uv": [8, 9, 16, 10], "texture": "#base"}
			}
		},
		{
			"from": [7, 5, 7.5],
			"to": [16, 6, 8.5],
			"rotation": {"angle": 0, "axis": "y", "origin": [0, 5, 7.5]},
			"faces": {
				"north": {"uv": [16, 10, 7, 11], "texture": "#base"},
				"south": {"uv": [7, 10, 16, 11], "texture": "#base"},
				"up": {"uv": [7, 10, 16, 11], "texture": "#base"},
				"down": {"uv": [7, 10, 16, 11], "texture": "#base"}
			}
		},
		{
			"from": [7, 4, 7.5],
			"to": [16, 5, 8.5],
			"rotation": {"angle": 0, "axis": "y", "origin": [0, 4, 7.5]},
			"faces": {
				"north": {"uv": [16, 11, 7, 12], "texture": "#base"},
				"south": {"uv": [7, 11, 16, 12], "texture": "#base"},
				"up": {"uv": [7, 11, 16, 12], "texture": "#base"},
				"down": {"uv": [7, 11, 16, 12], "texture": "#base"}
			}
		},
		{
			"from": [4, 7, 7.5],
			"to": [6, 8, 8.5],
			"rotation": {"angle": 0, "axis": "y", "origin": [-10, 7, 7.5]},
			"faces": {
				"north": {"uv": [6, 8, 4, 9], "texture": "#base"},
				"south": {"uv": [4, 8, 6, 9], "texture": "#base"},
				"up": {"uv": [4, 8, 6, 9], "texture": "#base"},
				"down": {"uv": [4, 8, 6, 9], "texture": "#base"}
			}
		},
		{
			"name": "cube_vertical",
			"from": [4, 7, 7.5],
			"to": [5, 16, 8.5],
			"rotation": {"angle": 0, "axis": "y", "origin": [4, 7, 7.5]},
			"faces": {
				"east": {"uv": [4, 0, 5, 9], "texture": "#base"},
				"west": {"uv": [4, 0, 5, 9], "texture": "#base"}
			}
		},
		{
			"name": "cube_vertical",
			"from": [5, 7, 7.5],
			"to": [6, 16, 8.5],
			"rotation": {"angle": 0, "axis": "y", "origin": [5, 7, 7.5]},
			"faces": {
				"east": {"uv": [5, 0, 6, 9], "texture": "#base"},
				"west": {"uv": [5, 0, 6, 9], "texture": "#base"}
			}
		},
		{
			"name": "cube_vertical",
			"from": [6, 8, 7.5],
			"to": [7, 16, 8.5],
			"rotation": {"angle": 0, "axis": "y", "origin": [6, 7, 7.5]},
			"faces": {
				"east": {"uv": [6, 0, 7, 8], "texture": "#base"},
				"west": {"uv": [6, 0, 7, 8], "texture": "#base"}
			}
		},
		{
			"name": "cube_vertical",
			"from": [7, 8, 7.5],
			"to": [8, 16, 8.5],
			"rotation": {"angle": 0, "axis": "y", "origin": [7, 7, 7.5]},
			"faces": {
				"east": {"uv": [7, 0, 8, 8], "texture": "#base"},
				"west": {"uv": [7, 0, 8, 8], "texture": "#base"}
			}
		},
		{
			"name": "cube_vertical",
			"from": [8, 4, 7.5],
			"to": [9, 16, 8.5],
			"rotation": {"angle": 0, "axis": "y", "origin": [8, 7, 7.5]},
			"faces": {
				"east": {"uv": [8, 0, 9, 12], "texture": "#base"},
				"west": {"uv": [8, 0, 9, 12], "texture": "#base"}
			}
		},
		{
			"name": "cube_vertical",
			"from": [9, 4, 7.5],
			"to": [10, 16, 8.5],
			"rotation": {"angle": 0, "axis": "y", "origin": [9, 7, 7.5]},
			"faces": {
				"east": {"uv": [9, 0, 10, 12], "texture": "#base"},
				"west": {"uv": [9, 0, 10, 12], "texture": "#base"}
			}
		},
		{
			"name": "cube_vertical",
			"from": [10, 4, 7.5],
			"to": [11, 16, 8.5],
			"rotation": {"angle": 0, "axis": "y", "origin": [10, 7, 7.5]},
			"faces": {
				"east": {"uv": [10, 0, 11, 12], "texture": "#base"},
				"west": {"uv": [10, 0, 11, 12], "texture": "#base"}
			}
		},
		{
			"name": "cube_vertical",
			"from": [11, 4, 7.5],
			"to": [12, 16, 8.5],
			"rotation": {"angle": 0, "axis": "y", "origin": [11, 7, 7.5]},
			"faces": {
				"east": {"uv": [11, 0, 12, 12], "texture": "#base"},
				"west": {"uv": [11, 0, 12, 12], "texture": "#base"}
			}
		},
		{
			"name": "cube_vertical",
			"from": [12, 4, 7.5],
			"to": [13, 16, 8.5],
			"rotation": {"angle": 0, "axis": "y", "origin": [12, 7, 7.5]},
			"faces": {
				"east": {"uv": [12, 0, 13, 12], "texture": "#base"},
				"west": {"uv": [12, 0, 13, 12], "texture": "#base"}
			}
		},
		{
			"name": "cube_vertical",
			"from": [13, 4, 7.5],
			"to": [14, 16, 8.5],
			"rotation": {"angle": 0, "axis": "y", "origin": [13, 7, 7.5]},
			"faces": {
				"east": {"uv": [13, 0, 14, 12], "texture": "#base"},
				"west": {"uv": [13, 0, 14, 12], "texture": "#base"}
			}
		},
		{
			"name": "cube_vertical",
			"from": [14, 4, 7.5],
			"to": [15, 16, 8.5],
			"rotation": {"angle": 0, "axis": "y", "origin": [14, 7, 7.5]},
			"faces": {
				"east": {"uv": [14, 0, 15, 12], "texture": "#base"},
				"west": {"uv": [14, 0, 15, 12], "texture": "#base"}
			}
		},
		{
			"name": "cube_vertical",
			"from": [15, 4, 7.5],
			"to": [16, 16, 8.5],
			"rotation": {"angle": 0, "axis": "y", "origin": [15, 7, 7.5]},
			"faces": {
				"east": {"uv": [15, 0, 16, 12], "texture": "#base"},
				"west": {"uv": [15, 0, 16, 12], "texture": "#base"}
			}
		},
		{
			"name": "cube_vertical",
			"from": [7, 4, 7.5],
			"to": [8, 6, 8.5],
			"rotation": {"angle": 0, "axis": "y", "origin": [7, 7, 7.5]},
			"faces": {
				"east": {"uv": [7, 10, 8, 12], "texture": "#base"},
				"west": {"uv": [7, 10, 8, 12], "texture": "#base"}
			}
		},
		{
			"from": [0, 0, 7.5],
			"to": [2, 3, 8.5],
			"rotation": {"angle": 0, "axis": "y", "origin": [0, 0, 7.5]},
			"faces": {
				"north": {"uv": [2, 13, 0, 16], "texture": "#base"},
				"east": {"uv": [1, 13, 2, 16], "texture": "#base"},
				"south": {"uv": [0, 13, 2, 16], "texture": "#base"},
				"west": {"uv": [0, 13, 1, 16], "texture": "#base"},
				"up": {"uv": [0, 13, 2, 14], "texture": "#base"},
				"down": {"uv": [0, 15, 2, 16], "texture": "#base"}
			}
		},
		{
			"from": [2, 0, 7.5],
			"to": [3, 2, 8.5],
			"rotation": {"angle": 0, "axis": "y", "origin": [1, 0, 7.5]},
			"faces": {
				"north": {"uv": [3, 14, 2, 16], "texture": "#base"},
				"east": {"uv": [2, 14, 3, 16], "texture": "#base"},
				"south": {"uv": [2, 14, 3, 16], "texture": "#base"},
				"west": {"uv": [2, 14, 3, 16], "texture": "#base"},
				"up": {"uv": [2, 14, 3, 15], "texture": "#base"},
				"down": {"uv": [2, 15, 3, 16], "texture": "#base"}
			}
		}
	],
	"gui_light": "front",
	"display": {
		"thirdperson_righthand": {
			"rotation": [0, -90, 55],
			"translation": [0, 4, 0.5],
			"scale": [0.85, 0.85, 0.85]
		},
		"thirdperson_lefthand": {
			"rotation": [0, 90, -55],
			"translation": [0, 4, 0.5],
			"scale": [0.85, 0.85, 0.85]
		},
		"firstperson_righthand": {
			"rotation": [0, -90, 25],
			"translation": [1.13, 3.2, 1.13],
			"scale": [0.68, 0.68, 0.68]
		},
		"firstperson_lefthand": {
			"rotation": [0, 90, -25],
			"translation": [1.13, 3.2, 1.13],
			"scale": [0.68, 0.68, 0.68]
		},
		"ground": {
			"translation": [0, 2, 0],
			"scale": [0.5, 0.5, 0.5]
		},
		"head": {
			"rotation": [0, 180, 0],
			"translation": [0, 13, 7]
		},
		"fixed": {
			"rotation": [0, 180, 0]
		}
	}
}